{"textures":{"0":"modelengine:entity/toro_deep_creature"},"elements":[{"from":[4.5714283,-4.000001,6.857143],"to":[11.428572,8.0,13.142858],"rotation":{"angle":0.0,"axis":"y","origin":[8.0,20.0,9.714286]},"faces":{"east":{"uv":[3.84375,6.15625,4.1875,6.8125],"rotation":0,"texture":"#0","tintindex":0},"south":{"uv":[4.25,5.875,4.625,6.53125],"rotation":0,"texture":"#0","tintindex":0},"north":{"uv":[5.875,3.25,6.25,3.90625],"rotation":0,"texture":"#0","tintindex":0},"west":{"uv":[0.0,6.1875,0.34375,6.84375],"rotation":0,"texture":"#0","tintindex":0},"up":{"uv":[7.78125,0.71875,7.40625,0.375],"rotation":0,"texture":"#0","tintindex":0},"down":{"uv":[7.78125,0.71875,7.40625,1.0625],"rotation":0,"texture":"#0","tintindex":0}}},{"from":[7.428571,-4.5714293,5.714286],"to":[9.142858,-1.7142859,6.857143],"rotation":{"angle":0.0,"axis":"y","origin":[8.0,20.0,9.714286]},"faces":{"east":{"uv":[4.1875,6.375,4.25,6.53125],"rotation":0,"texture":"#0","tintindex":0},"south":{"uv":[3.03125,8.90625,3.125,9.0625],"rotation":0,"texture":"#0","tintindex":0},"north":{"uv":[8.90625,2.90625,9.0,3.0625],"rotation":0,"texture":"#0","tintindex":0},"west":{"uv":[0.75,7.0625,0.8125,7.21875],"rotation":0,"texture":"#0","tintindex":0},"up":{"uv":[2.28125,6.96875,2.1875,6.90625],"rotation":0,"texture":"#0","tintindex":0},"down":{"uv":[7.34375,5.75,7.25,5.8125],"rotation":0,"texture":"#0","tintindex":0}}},{"from":[10.285714,-4.5714293,6.285714],"to":[12.0,0.0,8.0],"rotation":{"angle":0.0,"axis":"y","origin":[8.0,20.0,9.714286]},"faces":{"east":{"uv":[8.84375,7.90625,8.9375,8.15625],"rotation":0,"texture":"#0","tintindex":0},"south":{"uv":[8.84375,8.15625,8.9375,8.40625],"rotation":0,"texture":"#0","tintindex":0},"north":{"uv":[8.84375,7.65625,8.9375,7.90625],"rotation":0,"texture":"#0","tintindex":0},"west":{"uv":[8.84375,8.65625,8.9375,8.90625],"rotation":0,"texture":"#0","tintindex":0},"up":{"uv":[8.71875,7.75,8.625,7.65625],"rotation":0,"texture":"#0","tintindex":0},"down":{"uv":[8.75,5.34375,8.65625,5.4375],"rotation":0,"texture":"#0","tintindex":0}}},{"from":[4.0,-4.5714293,6.285714],"to":[6.857143,1.1428566,9.714286],"rotation":{"angle":0.0,"axis":"y","origin":[8.0,20.0,9.714286]},"faces":{"east":{"uv":[8.1875,5.34375,8.375,5.65625],"rotation":0,"texture":"#0","tintindex":0},"south":{"uv":[3.90625,8.40625,4.0625,8.71875],"rotation":0,"texture":"#0","tintindex":0},"north":{"uv":[3.75,8.40625,3.90625,8.71875],"rotation":0,"texture":"#0","tintindex":0},"west":{"uv":[6.625,8.21875,6.8125,8.53125],"rotation":0,"texture":"#0","tintindex":0},"up":{"uv":[8.84375,8.3125,8.6875,8.125],"rotation":0,"texture":"#0","tintindex":0},"down":{"uv":[8.84375,8.3125,8.6875,8.5],"rotation":0,"texture":"#0","tintindex":0}}},{"from":[9.142858,-4.5714293,10.285714],"to":[12.0,1.1428566,13.714286],"rotation":{"angle":0.0,"axis":"y","origin":[8.0,20.0,9.714286]},"faces":{"east":{"uv":[8.25,0.3125,8.4375,0.625],"rotation":0,"texture":"#0","tintindex":0},"south":{"uv":[4.0625,8.40625,4.21875,8.71875],"rotation":0,"texture":"#0","tintindex":0},"north":{"uv":[8.40625,3.96875,8.5625,4.28125],"rotation":0,"texture":"#0","tintindex":0},"west":{"uv":[1.09375,8.25,1.28125,8.5625],"rotation":0,"texture":"#0","tintindex":0},"up":{"uv":[8.875,0.1875,8.71875,0.0],"rotation":0,"texture":"#0","tintindex":0},"down":{"uv":[0.40625,8.71875,0.25,8.90625],"rotation":0,"texture":"#0","tintindex":0}}},{"from":[4.0,-4.5714293,10.285714],"to":[6.857143,-1.7142859,13.714286],"rotation":{"angle":0.0,"axis":"y","origin":[8.0,20.0,9.714286]},"faces":{"east":{"uv":[8.6875,8.5,8.875,8.65625],"rotation":0,"texture":"#0","tintindex":0},"south":{"uv":[1.375,8.8125,1.53125,8.96875],"rotation":0,"texture":"#0","tintindex":0},"north":{"uv":[1.09375,8.8125,1.25,8.96875],"rotation":0,"texture":"#0","tintindex":0},"west":{"uv":[0.75,8.71875,0.9375,8.875],"rotation":0,"texture":"#0","tintindex":0},"up":{"uv":[8.875,0.96875,8.71875,0.78125],"rotation":0,"texture":"#0","tintindex":0},"down":{"uv":[8.875,1.5,8.71875,1.6875],"rotation":0,"texture":"#0","tintindex":0}}}],"display":{"head":{"translation":[0.0,-6.4,0.0],"scale":[4.0,4.0,4.0]}}}