{"textures":{"0":"modelengine:entity/concussion"},"elements":[{"from":[13.105299,7.2285714,9.017494],"to":[13.105299,8.771429,11.074637],"rotation":{"angle":-22.5,"axis":"y","origin":[13.105299,8.0,9.017494]},"faces":{"east":{"uv":[12.0,2.0,16.0,5.0],"rotation":0,"texture":"#0","tintindex":0},"south":{"uv":[0.0,0.0,0.0,3.0],"rotation":0,"texture":"#0","tintindex":0},"north":{"uv":[0.0,0.0,0.0,3.0],"rotation":0,"texture":"#0","tintindex":0},"west":{"uv":[12.0,2.0,16.0,5.0],"rotation":0,"texture":"#0","tintindex":0},"up":{"uv":[0.0,4.0,0.0,0.0],"rotation":0,"texture":"#0","tintindex":0},"down":{"uv":[0.0,0.0,0.0,4.0],"rotation":0,"texture":"#0","tintindex":0}}},{"from":[12.318189,7.2285714,10.939578],"to":[12.318189,8.771429,12.996721],"rotation":{"angle":-45.0,"axis":"y","origin":[12.318189,8.0,10.939578]},"faces":{"east":{"uv":[12.0,2.0,16.0,5.0],"rotation":0,"texture":"#0","tintindex":0},"south":{"uv":[0.0,0.0,0.0,3.0],"rotation":0,"texture":"#0","tintindex":0},"north":{"uv":[0.0,0.0,0.0,3.0],"rotation":0,"texture":"#0","tintindex":0},"west":{"uv":[12.0,2.0,16.0,5.0],"rotation":0,"texture":"#0","tintindex":0},"up":{"uv":[0.0,4.0,0.0,0.0],"rotation":0,"texture":"#0","tintindex":0},"down":{"uv":[0.0,0.0,0.0,4.0],"rotation":0,"texture":"#0","tintindex":0}}},{"from":[4.849135,7.2285714,13.181265],"to":[6.9062777,8.771429,13.181265],"rotation":{"angle":-22.5,"axis":"y","origin":[6.9062777,8.0,13.181265]},"faces":{"east":{"uv":[0.0,0.0,0.0,3.0],"rotation":0,"texture":"#0","tintindex":0},"south":{"uv":[12.0,2.0,16.0,5.0],"rotation":0,"texture":"#0","tintindex":0},"north":{"uv":[12.0,2.0,16.0,5.0],"rotation":0,"texture":"#0","tintindex":0},"west":{"uv":[0.0,0.0,0.0,3.0],"rotation":0,"texture":"#0","tintindex":0},"up":{"uv":[0.0,4.0,0.0,0.0],"rotation":90,"texture":"#0","tintindex":0},"down":{"uv":[0.0,0.0,0.0,4.0],"rotation":270,"texture":"#0","tintindex":0}}},{"from":[6.9062777,7.2285714,13.181265],"to":[8.963421,8.771429,13.181265],"rotation":{"angle":0.0,"axis":"y","origin":[8.963421,8.0,13.181265]},"faces":{"east":{"uv":[0.0,0.0,0.0,3.0],"rotation":0,"texture":"#0","tintindex":0},"south":{"uv":[12.0,2.0,16.0,5.0],"rotation":0,"texture":"#0","tintindex":0},"north":{"uv":[12.0,2.0,16.0,5.0],"rotation":0,"texture":"#0","tintindex":0},"west":{"uv":[0.0,0.0,0.0,3.0],"rotation":0,"texture":"#0","tintindex":0},"up":{"uv":[0.0,4.0,0.0,0.0],"rotation":90,"texture":"#0","tintindex":0},"down":{"uv":[0.0,0.0,0.0,4.0],"rotation":270,"texture":"#0","tintindex":0}}},{"from":[8.806611,7.2285714,12.394074],"to":[10.863754,8.771429,12.394074],"rotation":{"angle":22.5,"axis":"y","origin":[10.863754,8.0,12.394074]},"faces":{"east":{"uv":[0.0,0.0,0.0,3.0],"rotation":0,"texture":"#0","tintindex":0},"south":{"uv":[12.0,2.0,16.0,5.0],"rotation":0,"texture":"#0","tintindex":0},"north":{"uv":[12.0,2.0,16.0,5.0],"rotation":0,"texture":"#0","tintindex":0},"west":{"uv":[0.0,0.0,0.0,3.0],"rotation":0,"texture":"#0","tintindex":0},"up":{"uv":[0.0,4.0,0.0,0.0],"rotation":90,"texture":"#0","tintindex":0},"down":{"uv":[0.0,0.0,0.0,4.0],"rotation":270,"texture":"#0","tintindex":0}}},{"from":[8.806779,7.2285714,3.6269045],"to":[10.863922,8.771429,3.6269045],"rotation":{"angle":-22.5,"axis":"y","origin":[10.863922,8.0,3.6269045]},"faces":{"east":{"uv":[0.0,0.0,0.0,3.0],"rotation":0,"texture":"#0","tintindex":0},"south":{"uv":[16.0,2.0,12.0,5.0],"rotation":0,"texture":"#0","tintindex":0},"north":{"uv":[16.0,2.0,12.0,5.0],"rotation":0,"texture":"#0","tintindex":0},"west":{"uv":[0.0,0.0,0.0,3.0],"rotation":0,"texture":"#0","tintindex":0},"up":{"uv":[0.0,4.0,0.0,0.0],"rotation":90,"texture":"#0","tintindex":0},"down":{"uv":[0.0,0.0,0.0,4.0],"rotation":270,"texture":"#0","tintindex":0}}},{"from":[6.906445,7.2285714,2.839713],"to":[8.963588,8.771429,2.839713],"rotation":{"angle":0.0,"axis":"y","origin":[8.963588,8.0,2.839713]},"faces":{"east":{"uv":[0.0,0.0,0.0,3.0],"rotation":0,"texture":"#0","tintindex":0},"south":{"uv":[16.0,2.0,12.0,5.0],"rotation":0,"texture":"#0","tintindex":0},"north":{"uv":[16.0,2.0,12.0,5.0],"rotation":0,"texture":"#0","tintindex":0},"west":{"uv":[0.0,0.0,0.0,3.0],"rotation":0,"texture":"#0","tintindex":0},"up":{"uv":[0.0,4.0,0.0,0.0],"rotation":90,"texture":"#0","tintindex":0},"down":{"uv":[0.0,0.0,0.0,4.0],"rotation":270,"texture":"#0","tintindex":0}}},{"from":[4.8493023,7.2285714,2.839713],"to":[6.906445,8.771429,2.839713],"rotation":{"angle":22.5,"axis":"y","origin":[6.906445,8.0,2.839713]},"faces":{"east":{"uv":[0.0,0.0,0.0,3.0],"rotation":0,"texture":"#0","tintindex":0},"south":{"uv":[16.0,2.0,12.0,5.0],"rotation":0,"texture":"#0","tintindex":0},"north":{"uv":[16.0,2.0,12.0,5.0],"rotation":0,"texture":"#0","tintindex":0},"west":{"uv":[0.0,0.0,0.0,3.0],"rotation":0,"texture":"#0","tintindex":0},"up":{"uv":[0.0,4.0,0.0,0.0],"rotation":90,"texture":"#0","tintindex":0},"down":{"uv":[0.0,0.0,0.0,4.0],"rotation":270,"texture":"#0","tintindex":0}}},{"from":[12.318138,7.2285714,3.024785],"to":[12.318138,8.771429,5.0819283],"rotation":{"angle":45.0,"axis":"y","origin":[12.318138,8.0,5.0819283]},"faces":{"east":{"uv":[16.0,2.0,12.0,5.0],"rotation":0,"texture":"#0","tintindex":0},"south":{"uv":[0.0,0.0,0.0,3.0],"rotation":0,"texture":"#0","tintindex":0},"north":{"uv":[0.0,0.0,0.0,3.0],"rotation":0,"texture":"#0","tintindex":0},"west":{"uv":[16.0,2.0,12.0,5.0],"rotation":0,"texture":"#0","tintindex":0},"up":{"uv":[0.0,0.0,0.0,4.0],"rotation":0,"texture":"#0","tintindex":0},"down":{"uv":[0.0,4.0,0.0,0.0],"rotation":0,"texture":"#0","tintindex":0}}},{"from":[13.105248,7.2285714,4.925152],"to":[13.105248,8.771429,6.982295],"rotation":{"angle":22.5,"axis":"y","origin":[13.105248,8.0,6.982295]},"faces":{"east":{"uv":[16.0,2.0,12.0,5.0],"rotation":0,"texture":"#0","tintindex":0},"south":{"uv":[0.0,0.0,0.0,3.0],"rotation":0,"texture":"#0","tintindex":0},"north":{"uv":[0.0,0.0,0.0,3.0],"rotation":0,"texture":"#0","tintindex":0},"west":{"uv":[16.0,2.0,12.0,5.0],"rotation":0,"texture":"#0","tintindex":0},"up":{"uv":[0.0,0.0,0.0,4.0],"rotation":0,"texture":"#0","tintindex":0},"down":{"uv":[0.0,4.0,0.0,0.0],"rotation":0,"texture":"#0","tintindex":0}}},{"from":[13.105256,7.2285714,6.96057],"to":[13.105256,8.771429,9.017713],"rotation":{"angle":0.0,"axis":"y","origin":[13.105256,8.0,9.017713]},"faces":{"east":{"uv":[16.0,2.0,12.0,5.0],"rotation":0,"texture":"#0","tintindex":0},"south":{"uv":[0.0,0.0,0.0,3.0],"rotation":0,"texture":"#0","tintindex":0},"north":{"uv":[0.0,0.0,0.0,3.0],"rotation":0,"texture":"#0","tintindex":0},"west":{"uv":[16.0,2.0,12.0,5.0],"rotation":0,"texture":"#0","tintindex":0},"up":{"uv":[0.0,0.0,0.0,4.0],"rotation":0,"texture":"#0","tintindex":0},"down":{"uv":[0.0,4.0,0.0,0.0],"rotation":0,"texture":"#0","tintindex":0}}},{"from":[13.105256,7.2285714,6.96057],"to":[13.105256,8.771429,9.017713],"rotation":{"angle":0.0,"axis":"y","origin":[13.105256,8.0,9.017713]},"faces":{"east":{"uv":[16.0,2.0,12.0,5.0],"rotation":0,"texture":"#0","tintindex":0},"south":{"uv":[0.0,0.0,0.0,3.0],"rotation":0,"texture":"#0","tintindex":0},"north":{"uv":[0.0,0.0,0.0,3.0],"rotation":0,"texture":"#0","tintindex":0},"west":{"uv":[16.0,2.0,12.0,5.0],"rotation":0,"texture":"#0","tintindex":0},"up":{"uv":[0.0,0.0,0.0,4.0],"rotation":0,"texture":"#0","tintindex":0},"down":{"uv":[0.0,4.0,0.0,0.0],"rotation":0,"texture":"#0","tintindex":0}}},{"from":[13.105299,7.2285714,9.039211],"to":[13.105299,8.771429,11.0963545],"rotation":{"angle":-22.5,"axis":"y","origin":[13.105299,8.0,9.039211]},"faces":{"east":{"uv":[12.0,2.0,16.0,5.0],"rotation":0,"texture":"#0","tintindex":0},"south":{"uv":[0.0,0.0,0.0,3.0],"rotation":0,"texture":"#0","tintindex":0},"north":{"uv":[0.0,0.0,0.0,3.0],"rotation":0,"texture":"#0","tintindex":0},"west":{"uv":[12.0,2.0,16.0,5.0],"rotation":0,"texture":"#0","tintindex":0},"up":{"uv":[0.0,4.0,0.0,0.0],"rotation":0,"texture":"#0","tintindex":0},"down":{"uv":[0.0,0.0,0.0,4.0],"rotation":0,"texture":"#0","tintindex":0}}},{"from":[12.318189,7.2285714,10.939578],"to":[12.318189,8.771429,12.996721],"rotation":{"angle":-45.0,"axis":"y","origin":[12.318189,8.0,10.939578]},"faces":{"east":{"uv":[12.0,2.0,16.0,5.0],"rotation":0,"texture":"#0","tintindex":0},"south":{"uv":[0.0,0.0,0.0,3.0],"rotation":0,"texture":"#0","tintindex":0},"north":{"uv":[0.0,0.0,0.0,3.0],"rotation":0,"texture":"#0","tintindex":0},"west":{"uv":[12.0,2.0,16.0,5.0],"rotation":0,"texture":"#0","tintindex":0},"up":{"uv":[0.0,4.0,0.0,0.0],"rotation":0,"texture":"#0","tintindex":0},"down":{"uv":[0.0,0.0,0.0,4.0],"rotation":0,"texture":"#0","tintindex":0}}},{"from":[8.806611,7.2285714,12.394074],"to":[10.863754,8.771429,12.394074],"rotation":{"angle":22.5,"axis":"y","origin":[10.863754,8.0,12.394074]},"faces":{"east":{"uv":[0.0,0.0,0.0,3.0],"rotation":0,"texture":"#0","tintindex":0},"south":{"uv":[12.0,2.0,16.0,5.0],"rotation":0,"texture":"#0","tintindex":0},"north":{"uv":[12.0,2.0,16.0,5.0],"rotation":0,"texture":"#0","tintindex":0},"west":{"uv":[0.0,0.0,0.0,3.0],"rotation":0,"texture":"#0","tintindex":0},"up":{"uv":[0.0,4.0,0.0,0.0],"rotation":90,"texture":"#0","tintindex":0},"down":{"uv":[0.0,0.0,0.0,4.0],"rotation":270,"texture":"#0","tintindex":0}}},{"from":[6.9062777,7.2285714,13.181265],"to":[8.963421,8.771429,13.181265],"rotation":{"angle":0.0,"axis":"y","origin":[8.963421,8.0,13.181265]},"faces":{"east":{"uv":[0.0,0.0,0.0,3.0],"rotation":0,"texture":"#0","tintindex":0},"south":{"uv":[12.0,2.0,16.0,5.0],"rotation":0,"texture":"#0","tintindex":0},"north":{"uv":[12.0,2.0,16.0,5.0],"rotation":0,"texture":"#0","tintindex":0},"west":{"uv":[0.0,0.0,0.0,3.0],"rotation":0,"texture":"#0","tintindex":0},"up":{"uv":[0.0,4.0,0.0,0.0],"rotation":90,"texture":"#0","tintindex":0},"down":{"uv":[0.0,0.0,0.0,4.0],"rotation":270,"texture":"#0","tintindex":0}}},{"from":[2.9491105,7.2285714,12.393812],"to":[5.0062532,8.771429,12.393812],"rotation":{"angle":-45.0,"axis":"y","origin":[5.0062532,8.0,12.393812]},"faces":{"east":{"uv":[0.0,0.0,0.0,3.0],"rotation":0,"texture":"#0","tintindex":0},"south":{"uv":[12.0,2.0,16.0,5.0],"rotation":0,"texture":"#0","tintindex":0},"north":{"uv":[12.0,2.0,16.0,5.0],"rotation":0,"texture":"#0","tintindex":0},"west":{"uv":[0.0,0.0,0.0,3.0],"rotation":0,"texture":"#0","tintindex":0},"up":{"uv":[0.0,4.0,0.0,0.0],"rotation":90,"texture":"#0","tintindex":0},"down":{"uv":[0.0,0.0,0.0,4.0],"rotation":270,"texture":"#0","tintindex":0}}},{"from":[3.5512295,7.2285714,8.882454],"to":[3.5512295,8.771429,10.939596],"rotation":{"angle":22.5,"axis":"y","origin":[3.5512295,8.0,10.939596]},"faces":{"east":{"uv":[12.0,2.0,16.0,5.0],"rotation":0,"texture":"#0","tintindex":0},"south":{"uv":[0.0,0.0,0.0,3.0],"rotation":0,"texture":"#0","tintindex":0},"north":{"uv":[0.0,0.0,0.0,3.0],"rotation":0,"texture":"#0","tintindex":0},"west":{"uv":[12.0,2.0,16.0,5.0],"rotation":0,"texture":"#0","tintindex":0},"up":{"uv":[0.0,4.0,0.0,0.0],"rotation":180,"texture":"#0","tintindex":0},"down":{"uv":[0.0,0.0,0.0,4.0],"rotation":180,"texture":"#0","tintindex":0}}},{"from":[2.7640386,7.2285714,6.9821196],"to":[2.7640386,8.771429,9.039263],"rotation":{"angle":0.0,"axis":"y","origin":[2.7640386,8.0,9.039263]},"faces":{"east":{"uv":[12.0,2.0,16.0,5.0],"rotation":0,"texture":"#0","tintindex":0},"south":{"uv":[0.0,0.0,0.0,3.0],"rotation":0,"texture":"#0","tintindex":0},"north":{"uv":[0.0,0.0,0.0,3.0],"rotation":0,"texture":"#0","tintindex":0},"west":{"uv":[12.0,2.0,16.0,5.0],"rotation":0,"texture":"#0","tintindex":0},"up":{"uv":[0.0,4.0,0.0,0.0],"rotation":180,"texture":"#0","tintindex":0},"down":{"uv":[0.0,0.0,0.0,4.0],"rotation":180,"texture":"#0","tintindex":0}}},{"from":[2.7640386,7.2285714,4.924977],"to":[2.7640386,8.771429,6.9821196],"rotation":{"angle":-22.5,"axis":"y","origin":[2.7640386,8.0,6.9821196]},"faces":{"east":{"uv":[12.0,2.0,16.0,5.0],"rotation":0,"texture":"#0","tintindex":0},"south":{"uv":[0.0,0.0,0.0,3.0],"rotation":0,"texture":"#0","tintindex":0},"north":{"uv":[0.0,0.0,0.0,3.0],"rotation":0,"texture":"#0","tintindex":0},"west":{"uv":[12.0,2.0,16.0,5.0],"rotation":0,"texture":"#0","tintindex":0},"up":{"uv":[0.0,4.0,0.0,0.0],"rotation":180,"texture":"#0","tintindex":0},"down":{"uv":[0.0,0.0,0.0,4.0],"rotation":180,"texture":"#0","tintindex":0}}},{"from":[3.5512733,7.2285714,3.0244246],"to":[3.5512733,8.771429,5.081568],"rotation":{"angle":-45.0,"axis":"y","origin":[3.5512733,8.0,5.081568]},"faces":{"east":{"uv":[12.0,2.0,16.0,5.0],"rotation":0,"texture":"#0","tintindex":0},"south":{"uv":[0.0,0.0,0.0,3.0],"rotation":0,"texture":"#0","tintindex":0},"north":{"uv":[0.0,0.0,0.0,3.0],"rotation":0,"texture":"#0","tintindex":0},"west":{"uv":[12.0,2.0,16.0,5.0],"rotation":0,"texture":"#0","tintindex":0},"up":{"uv":[0.0,4.0,0.0,0.0],"rotation":180,"texture":"#0","tintindex":0},"down":{"uv":[0.0,0.0,0.0,4.0],"rotation":180,"texture":"#0","tintindex":0}}},{"from":[4.8777127,6.457143,13.233828],"to":[8.477713,10.057143,13.233828],"rotation":{"angle":-22.5,"axis":"y","origin":[6.6777124,8.257143,13.748114]},"faces":{"east":{"uv":[0.0,0.0,0.0,7.0],"rotation":0,"texture":"#0","tintindex":0},"south":{"uv":[0.0,4.0,11.0,16.0],"rotation":0,"texture":"#0","tintindex":0},"north":{"uv":[0.0,4.0,11.0,16.0],"rotation":0,"texture":"#0","tintindex":0},"west":{"uv":[0.0,0.0,0.0,7.0],"rotation":0,"texture":"#0","tintindex":0},"up":{"uv":[0.0,7.0,0.0,0.0],"rotation":90,"texture":"#0","tintindex":0},"down":{"uv":[0.0,0.0,0.0,7.0],"rotation":270,"texture":"#0","tintindex":0}}},{"from":[4.8777127,6.457143,2.7661724],"to":[8.477713,10.057143,2.7661724],"rotation":{"angle":22.5,"axis":"y","origin":[6.6777124,8.257143,2.2518868]},"faces":{"east":{"uv":[0.0,0.0,0.0,7.0],"rotation":0,"texture":"#0","tintindex":0},"south":{"uv":[11.0,4.0,0.0,16.0],"rotation":0,"texture":"#0","tintindex":0},"north":{"uv":[11.0,4.0,0.0,16.0],"rotation":0,"texture":"#0","tintindex":0},"west":{"uv":[0.0,0.0,0.0,7.0],"rotation":0,"texture":"#0","tintindex":0},"up":{"uv":[0.0,7.0,0.0,0.0],"rotation":90,"texture":"#0","tintindex":0},"down":{"uv":[0.0,0.0,0.0,7.0],"rotation":270,"texture":"#0","tintindex":0}}}],"display":{"head":{"translation":[0.0,-6.4,0.0],"scale":[4.0,4.0,4.0]}}}