{"stats":{"minecraft:killed":{"minecraft:silverfish":10},"minecraft:killed_by":{"minecraft:player":2},"minecraft:custom":{"minecraft:time_since_rest":21,"minecraft:walk_one_cm":28555,"minecraft:sprint_one_cm":36538,"minecraft:damage_taken":805559896,"minecraft:damage_absorbed":2258,"minecraft:damage_blocked_by_shield":2870,"minecraft:mob_kills":10,"minecraft:drop":15,"minecraft:damage_dealt":765,"minecraft:damage_dealt_absorbed":40,"minecraft:fly_one_cm":157218,"minecraft:player_kills":1,"minecraft:crouch_one_cm":2998,"minecraft:play_time":22614,"minecraft:deaths":20,"minecraft:sneak_time":921,"minecraft:jump":587,"minecraft:leave_game":1,"minecraft:time_since_death":0,"minecraft:climb_one_cm":96,"minecraft:total_world_time":22614,"minecraft:fall_one_cm":60533},"minecraft:mined":{"minecraft:stone":26},"minecraft:dropped":{"minecraft:diamond_axe":2,"minecraft:yellow_shulker_box":3,"minecraft:netherite_axe":1,"minecraft:experience_bottle":320,"minecraft:bow":1,"minecraft:totem_of_undying":1,"minecraft:shears":1,"minecraft:light_blue_shulker_box":1},"minecraft:picked_up":{"minecraft:yellow_shulker_box":1,"minecraft:stone":64,"minecraft:light_blue_shulker_box":1,"minecraft:experience_bottle":320,"minecraft:shears":1,"minecraft:totem_of_undying":14,"minecraft:cobblestone":11,"minecraft:diamond_pickaxe":1},"minecraft:used":{"minecraft:diamond_pickaxe":26,"minecraft:diamond_boots":1,"minecraft:ender_pearl":6,"minecraft:shield":62,"minecraft:stone":64,"minecraft:totem_of_undying":27,"minecraft:diamond_chestplate":1,"minecraft:golden_apple":13,"minecraft:diamond_sword":41,"minecraft:cobblestone":11,"minecraft:bow":42,"minecraft:enchanted_golden_apple":1,"minecraft:diamond_leggings":1,"minecraft:splash_potion":1,"minecraft:experience_bottle":89}},"DataVersion":2975}