{"stats":{"minecraft:picked_up":{"minecraft:netherite_boots":2,"minecraft:yellow_shulker_box":1,"minecraft:splash_potion":1,"minecraft:water_bucket":2,"minecraft:shield":2,"minecraft:netherite_leggings":2,"minecraft:green_shulker_box":1,"minecraft:experience_bottle":320,"minecraft:bow":1,"minecraft:netherite_sword":6,"minecraft:enchanted_golden_apple":128,"minecraft:stone":320,"minecraft:light_blue_shulker_box":1,"minecraft:netherite_pickaxe":3,"minecraft:gray_shulker_box":1,"minecraft:arrow":64,"minecraft:netherite_helmet":2,"minecraft:shears":1,"minecraft:golden_apple":128,"minecraft:totem_of_undying":15,"minecraft:netherite_chestplate":3,"minecraft:diamond_pickaxe":1,"minecraft:cobblestone":29,"minecraft:ender_pearl":32},"minecraft:killed_by":{"minecraft:player":2,"minecraft:zombie":2},"minecraft:used":{"minecraft:water_bucket":4,"minecraft:netherite_sword":64,"minecraft:diamond_boots":1,"minecraft:netherite_chestplate":1,"minecraft:ender_pearl":49,"minecraft:shield":75,"minecraft:stone":276,"minecraft:golden_apple":13,"minecraft:netherite_leggings":1,"minecraft:netherite_helmet":1,"minecraft:diamond_pickaxe":26,"minecraft:totem_of_undying":67,"minecraft:netherite_boots":1,"minecraft:diamond_chestplate":1,"minecraft:diamond_sword":41,"minecraft:cobblestone":27,"minecraft:bow":115,"minecraft:netherite_pickaxe":42,"minecraft:bucket":2,"minecraft:enchanted_golden_apple":104,"minecraft:diamond_leggings":1,"minecraft:splash_potion":5,"minecraft:experience_bottle":89},"minecraft:dropped":{"minecraft:water_bucket":2,"minecraft:netherite_pickaxe":2,"minecraft:diamond_axe":2,"minecraft:ender_pearl":32,"minecraft:netherite_sword":8,"minecraft:netherite_axe":1,"minecraft:netherite_chestplate":5,"minecraft:netherite_helmet":4,"minecraft:experience_bottle":320,"minecraft:cobblestone":2,"minecraft:enchanted_golden_apple":128,"minecraft:green_shulker_box":3,"minecraft:totem_of_undying":2,"minecraft:shears":1,"minecraft:golden_apple":192,"minecraft:netherite_leggings":4,"minecraft:stone":320,"minecraft:shield":3,"minecraft:yellow_shulker_box":6,"minecraft:netherite_boots":4,"minecraft:gray_shulker_box":2,"minecraft:arrow":63,"minecraft:bow":3,"minecraft:bucket":2,"minecraft:light_blue_shulker_box":1},"minecraft:custom":{"minecraft:mob_kills":17,"minecraft:leave_game":3,"minecraft:time_since_death":268,"minecraft:damage_resisted":201348583,"minecraft:climb_one_cm":96,"minecraft:time_since_rest":288,"minecraft:walk_one_cm":60403,"minecraft:sprint_one_cm":72084,"minecraft:damage_taken":1167964731,"minecraft:damage_absorbed":15089,"minecraft:damage_blocked_by_shield":5698,"minecraft:drop":75,"minecraft:damage_dealt":5729,"minecraft:damage_dealt_absorbed":40,"minecraft:fly_one_cm":296732,"minecraft:player_kills":1,"minecraft:crouch_one_cm":4189,"minecraft:play_time":44240,"minecraft:deaths":26,"minecraft:sneak_time":2407,"minecraft:walk_under_water_one_cm":4,"minecraft:jump":1112,"minecraft:walk_on_water_one_cm":2365,"minecraft:total_world_time":44240,"minecraft:fall_one_cm":136237},"minecraft:mined":{"minecraft:cobblestone":9,"minecraft:cobweb":1,"minecraft:stone":59},"minecraft:killed":{"minecraft:creeper":1,"minecraft:zombie":6,"minecraft:silverfish":10}},"DataVersion":2975}