{"stats":{"minecraft:picked_up":{"minecraft:yellow_shulker_box":1,"minecraft:gray_shulker_box":1,"minecraft:arrow":2,"minecraft:netherite_sword":1,"minecraft:netherite_axe":1,"minecraft:totem_of_undying":9,"minecraft:cobblestone":14},"minecraft:killed_by":{"minecraft:player":1,"minecraft:creeper":1},"minecraft:used":{"minecraft:netherite_sword":32,"minecraft:netherite_chestplate":4,"minecraft:ender_pearl":41,"minecraft:shield":37,"minecraft:stone":149,"minecraft:totem_of_undying":75,"minecraft:netherite_boots":4,"minecraft:golden_apple":29,"minecraft:diamond_sword":12,"minecraft:bow":13,"minecraft:netherite_leggings":4,"minecraft:netherite_helmet":4,"minecraft:enchanted_golden_apple":31},"minecraft:dropped":{"minecraft:netherite_sword":2,"minecraft:yellow_shulker_box":2,"minecraft:cobblestone":14,"minecraft:gray_shulker_box":1,"minecraft:golden_apple":64},"minecraft:custom":{"minecraft:time_since_rest":4490,"minecraft:walk_one_cm":70592,"minecraft:sprint_one_cm":54502,"minecraft:damage_taken":1168028307,"minecraft:damage_absorbed":10147,"minecraft:damage_blocked_by_shield":555,"minecraft:mob_kills":10,"minecraft:drop":7,"minecraft:damage_dealt":3065,"minecraft:damage_dealt_absorbed":0,"minecraft:fly_one_cm":205018,"minecraft:player_kills":1,"minecraft:crouch_one_cm":1864,"minecraft:play_time":48274,"minecraft:deaths":21,"minecraft:sneak_time":1092,"minecraft:jump":961,"minecraft:leave_game":3,"minecraft:walk_on_water_one_cm":785,"minecraft:time_since_death":4470,"minecraft:total_world_time":48274,"minecraft:damage_resisted":201341782,"minecraft:fall_one_cm":89509},"minecraft:killed":{"minecraft:skeleton":2,"minecraft:zombie":4,"minecraft:creeper":1,"minecraft:cow":2}},"DataVersion":2975}