{"stats":{"minecraft:killed":{"minecraft:skeleton":1,"minecraft:zombie":1,"minecraft:creeper":1,"minecraft:cow":1},"minecraft:killed_by":{"minecraft:player":1},"minecraft:custom":{"minecraft:time_since_rest":5153,"minecraft:deaths":19,"minecraft:damage_blocked_by_shield":555,"minecraft:crouch_one_cm":403,"minecraft:walk_one_cm":23009,"minecraft:play_time":20086,"minecraft:sprint_one_cm":19236,"minecraft:damage_taken":805610004,"minecraft:damage_absorbed":498,"minecraft:sneak_time":299,"minecraft:mob_kills":4,"minecraft:jump":313,"minecraft:damage_dealt":826,"minecraft:leave_game":2,"minecraft:time_since_death":5132,"minecraft:total_world_time":20086,"minecraft:damage_dealt_absorbed":0,"minecraft:fall_one_cm":32882,"minecraft:fly_one_cm":81254,"minecraft:player_kills":1},"minecraft:picked_up":{"minecraft:arrow":2,"minecraft:netherite_axe":1,"minecraft:totem_of_undying":9},"minecraft:used":{"minecraft:netherite_boots":1,"minecraft:golden_apple":4,"minecraft:diamond_sword":12,"minecraft:bow":4,"minecraft:netherite_leggings":1,"minecraft:netherite_chestplate":1,"minecraft:netherite_helmet":1,"minecraft:ender_pearl":7,"minecraft:shield":37,"minecraft:stone":69,"minecraft:totem_of_undying":6}},"DataVersion":2975}