{"stats":{"minecraft:custom":{"minecraft:time_since_rest":5146,"minecraft:crouch_one_cm":125,"minecraft:deaths":5,"minecraft:play_time":28250,"minecraft:sprint_one_cm":27522,"minecraft:damage_absorbed":640,"minecraft:damage_taken":35383,"minecraft:walk_one_cm":26505,"minecraft:sneak_time":178,"minecraft:drop":5,"minecraft:jump":221,"minecraft:damage_dealt":10,"minecraft:leave_game":1,"minecraft:time_since_death":5125,"minecraft:total_world_time":28250,"minecraft:climb_one_cm":60,"minecraft:fall_one_cm":59391,"minecraft:fly_one_cm":163413},"minecraft:dropped":{"minecraft:bow":1,"minecraft:golden_apple":1,"minecraft:light_blue_shulker_box":1,"minecraft:yellow_shulker_box":2},"minecraft:picked_up":{"minecraft:yellow_shulker_box":1,"minecraft:arrow":1,"minecraft:water_bucket":1,"minecraft:bow":1,"minecraft:golden_apple":1,"minecraft:cobblestone":4},"minecraft:used":{"minecraft:bow":4,"minecraft:totem_of_undying":10}},"DataVersion":2975}