{"stats":{"minecraft:killed":{"minecraft:zombie":4},"minecraft:killed_by":{"minecraft:zombie":2},"minecraft:custom":{"minecraft:time_since_rest":42778,"minecraft:damage_absorbed":2676,"minecraft:sprint_one_cm":49970,"minecraft:walk_one_cm":62504,"minecraft:damage_taken":161103772,"minecraft:mob_kills":5,"minecraft:drop":24,"minecraft:damage_dealt":3751,"minecraft:fly_one_cm":245555,"minecraft:crouch_one_cm":1614,"minecraft:play_time":80653,"minecraft:deaths":11,"minecraft:sneak_time":823,"minecraft:jump":391,"minecraft:leave_game":8,"minecraft:time_since_death":42757,"minecraft:climb_one_cm":60,"minecraft:total_world_time":80653,"minecraft:damage_resisted":201328910,"minecraft:fall_one_cm":84453},"minecraft:dropped":{"minecraft:red_shulker_box":1,"minecraft:netherite_sword":2,"minecraft:yellow_shulker_box":8,"minecraft:cobblestone":1,"minecraft:green_shulker_box":1,"minecraft:gray_shulker_box":3,"minecraft:bow":1,"minecraft:totem_of_undying":3,"minecraft:golden_apple":65,"minecraft:light_blue_shulker_box":1},"minecraft:picked_up":{"minecraft:yellow_shulker_box":3,"minecraft:splash_potion":2,"minecraft:water_bucket":1,"minecraft:diamond_sword":1,"minecraft:gray_shulker_box":2,"minecraft:arrow":1,"minecraft:diamond_chestplate":1,"minecraft:bow":2,"minecraft:netherite_sword":2,"minecraft:diamond_boots":1,"minecraft:diamond_axe":1,"minecraft:golden_apple":65,"minecraft:totem_of_undying":3,"minecraft:diamond_helmet":1,"minecraft:cobblestone":5},"minecraft:used":{"minecraft:netherite_sword":26,"minecraft:ender_pearl":6,"minecraft:totem_of_undying":26,"minecraft:bow":4,"minecraft:enchanted_golden_apple":7,"minecraft:splash_potion":1}},"DataVersion":2975}