{"stats":{"minecraft:killed":{"minecraft:zombie":1,"minecraft:silverfish":13},"minecraft:killed_by":{"minecraft:player":1},"minecraft:custom":{"minecraft:time_since_rest":3514,"minecraft:walk_one_cm":33930,"minecraft:sprint_one_cm":70267,"minecraft:damage_taken":805375546,"minecraft:damage_absorbed":2101,"minecraft:damage_blocked_by_shield":1770,"minecraft:mob_kills":14,"minecraft:drop":53,"minecraft:damage_dealt":660,"minecraft:damage_dealt_absorbed":8,"minecraft:fly_one_cm":142399,"minecraft:player_kills":1,"minecraft:crouch_one_cm":516,"minecraft:play_time":28076,"minecraft:deaths":9,"minecraft:sneak_time":132,"minecraft:jump":663,"minecraft:leave_game":1,"minecraft:walk_on_water_one_cm":682,"minecraft:time_since_death":3494,"minecraft:total_world_time":28076,"minecraft:fall_one_cm":35963},"minecraft:mined":{"minecraft:stone":13},"minecraft:dropped":{"minecraft:netherite_pickaxe":1,"minecraft:stone":64,"minecraft:shield":2,"minecraft:diamond_axe":1,"minecraft:diamond_chestplate":1,"minecraft:netherite_axe":1,"minecraft:yellow_shulker_box":3,"minecraft:diamond_leggings":2,"minecraft:experience_bottle":199,"minecraft:diamond_helmet":1,"minecraft:cobblestone":13,"minecraft:diamond_boots":1,"minecraft:bow":2,"minecraft:arrow":66,"minecraft:totem_of_undying":26,"minecraft:bucket":1,"minecraft:light_blue_shulker_box":1},"minecraft:picked_up":{"minecraft:yellow_shulker_box":3,"minecraft:diamond_sword":1,"minecraft:light_blue_shulker_box":1,"minecraft:shield":2,"minecraft:arrow":152,"minecraft:experience_bottle":204,"minecraft:diamond_chestplate":1,"minecraft:bow":2,"minecraft:diamond_leggings":2,"minecraft:diamond_boots":1,"minecraft:golden_apple":22,"minecraft:diamond_helmet":1,"minecraft:ender_pearl":19,"minecraft:cobblestone":13,"minecraft:diamond_pickaxe":1},"minecraft:used":{"minecraft:water_bucket":5,"minecraft:diamond_pickaxe":14,"minecraft:ender_pearl":6,"minecraft:shield":1,"minecraft:totem_of_undying":31,"minecraft:golden_apple":3,"minecraft:diamond_sword":28,"minecraft:bucket":4,"minecraft:splash_potion":2,"minecraft:experience_bottle":5}},"DataVersion":2975}