{"stats":{"minecraft:picked_up":{"minecraft:yellow_shulker_box":5,"minecraft:diamond_sword":1,"minecraft:light_blue_shulker_box":1,"minecraft:shield":2,"minecraft:string":1,"minecraft:green_shulker_box":2,"minecraft:red_shulker_box":1,"minecraft:arrow":152,"minecraft:experience_bottle":204,"minecraft:diamond_chestplate":1,"minecraft:bow":2,"minecraft:diamond_leggings":2,"minecraft:netherite_sword":4,"minecraft:diamond_boots":1,"minecraft:golden_apple":86,"minecraft:totem_of_undying":3,"minecraft:diamond_helmet":1,"minecraft:diamond_pickaxe":1,"minecraft:cobblestone":16,"minecraft:ender_pearl":19},"minecraft:killed_by":{"minecraft:player":1,"minecraft:zombie":2},"minecraft:used":{"minecraft:netherite_sword":72,"minecraft:water_bucket":5,"minecraft:diamond_pickaxe":14,"minecraft:ender_pearl":31,"minecraft:shield":1,"minecraft:totem_of_undying":80,"minecraft:golden_apple":9,"minecraft:diamond_sword":28,"minecraft:bucket":4,"minecraft:enchanted_golden_apple":23,"minecraft:splash_potion":2,"minecraft:experience_bottle":5},"minecraft:dropped":{"minecraft:red_shulker_box":1,"minecraft:netherite_pickaxe":1,"minecraft:stone":64,"minecraft:shield":3,"minecraft:diamond_axe":1,"minecraft:diamond_chestplate":1,"minecraft:netherite_sword":4,"minecraft:diamond_leggings":2,"minecraft:netherite_axe":1,"minecraft:yellow_shulker_box":8,"minecraft:diamond_helmet":1,"minecraft:experience_bottle":199,"minecraft:cobblestone":16,"minecraft:green_shulker_box":3,"minecraft:diamond_boots":1,"minecraft:gray_shulker_box":1,"minecraft:bow":2,"minecraft:arrow":66,"minecraft:string":1,"minecraft:totem_of_undying":32,"minecraft:bucket":1,"minecraft:golden_apple":64,"minecraft:light_blue_shulker_box":1},"minecraft:custom":{"minecraft:time_since_rest":5013,"minecraft:damage_absorbed":8973,"minecraft:sprint_one_cm":143146,"minecraft:damage_taken":1208044113,"minecraft:walk_one_cm":67691,"minecraft:damage_blocked_by_shield":1770,"minecraft:mob_kills":34,"minecraft:drop":79,"minecraft:damage_dealt":11212,"minecraft:damage_dealt_absorbed":8,"minecraft:fly_one_cm":331629,"minecraft:player_kills":1,"minecraft:crouch_one_cm":1106,"minecraft:play_time":56567,"minecraft:deaths":11,"minecraft:sneak_time":318,"minecraft:walk_under_water_one_cm":3,"minecraft:jump":1549,"minecraft:leave_game":2,"minecraft:walk_on_water_one_cm":2516,"minecraft:time_since_death":4992,"minecraft:total_world_time":56567,"minecraft:damage_resisted":14692,"minecraft:fall_one_cm":108828},"minecraft:mined":{"minecraft:cobweb":2,"minecraft:stone":13},"minecraft:killed":{"minecraft:skeleton":3,"minecraft:wolf":4,"minecraft:zombie":13,"minecraft:spider":1,"minecraft:silverfish":13}},"DataVersion":2975}