{"stats":{"minecraft:picked_up":{"minecraft:yellow_shulker_box":3,"minecraft:splash_potion":2,"minecraft:diamond_sword":2,"minecraft:gray_shulker_box":1,"minecraft:green_shulker_box":1,"minecraft:red_shulker_box":2,"minecraft:arrow":63,"minecraft:experience_bottle":192,"minecraft:diamond_chestplate":1,"minecraft:bow":2,"minecraft:diamond_boots":1,"minecraft:diamond_axe":1,"minecraft:golden_apple":12,"minecraft:totem_of_undying":6,"minecraft:diamond_helmet":1,"minecraft:ender_pearl":9},"minecraft:killed_by":{"minecraft:skeleton":1,"minecraft:parrot":1},"minecraft:used":{"minecraft:netherite_sword":43,"minecraft:diamond_boots":1,"minecraft:ender_pearl":39,"minecraft:totem_of_undying":84,"minecraft:diamond_chestplate":1,"minecraft:diamond_sword":10,"minecraft:golden_apple":7,"minecraft:diamond_helmet":1,"minecraft:enchanted_golden_apple":24,"minecraft:splash_potion":1,"minecraft:diamond_leggings":1,"minecraft:experience_bottle":61},"minecraft:dropped":{"minecraft:red_shulker_box":3,"minecraft:diamond_sword":2,"minecraft:diamond_axe":1,"minecraft:diamond_chestplate":1,"minecraft:yellow_shulker_box":8,"minecraft:experience_bottle":192,"minecraft:diamond_helmet":1,"minecraft:green_shulker_box":2,"minecraft:diamond_boots":1,"minecraft:gray_shulker_box":2,"minecraft:bow":2,"minecraft:arrow":67,"minecraft:white_shulker_box":1,"minecraft:splash_potion":2,"minecraft:light_blue_shulker_box":1},"minecraft:custom":{"minecraft:time_since_rest":4570,"minecraft:damage_absorbed":8819,"minecraft:sprint_one_cm":103412,"minecraft:damage_taken":1167808752,"minecraft:walk_one_cm":47529,"minecraft:mob_kills":11,"minecraft:drop":34,"minecraft:damage_dealt":5946,"minecraft:damage_dealt_absorbed":36,"minecraft:player_kills":2,"minecraft:fly_one_cm":298851,"minecraft:deaths":2,"minecraft:crouch_one_cm":1479,"minecraft:play_time":54743,"minecraft:sneak_time":1017,"minecraft:jump":1221,"minecraft:leave_game":2,"minecraft:time_since_death":4549,"minecraft:climb_one_cm":11781,"minecraft:total_world_time":54743,"minecraft:damage_resisted":201343001,"minecraft:fall_one_cm":137672},"minecraft:killed":{"minecraft:skeleton":1,"minecraft:wolf":2,"minecraft:zombie":7,"minecraft:spider":1}},"DataVersion":2975}