{"stats":{"minecraft:custom":{"minecraft:time_since_rest":26381,"minecraft:walk_one_cm":14024,"minecraft:sprint_one_cm":60790,"minecraft:damage_taken":805402520,"minecraft:damage_absorbed":3586,"minecraft:drop":24,"minecraft:damage_dealt":25,"minecraft:damage_dealt_absorbed":36,"minecraft:fly_one_cm":220506,"minecraft:player_kills":2,"minecraft:crouch_one_cm":211,"minecraft:play_time":26381,"minecraft:sneak_time":481,"minecraft:jump":790,"minecraft:leave_game":1,"minecraft:time_since_death":26381,"minecraft:climb_one_cm":9605,"minecraft:total_world_time":26381,"minecraft:fall_one_cm":94905},"minecraft:dropped":{"minecraft:diamond_sword":2,"minecraft:diamond_axe":1,"minecraft:diamond_chestplate":1,"minecraft:yellow_shulker_box":5,"minecraft:experience_bottle":192,"minecraft:diamond_helmet":1,"minecraft:diamond_boots":1,"minecraft:arrow":67,"minecraft:bow":2,"minecraft:white_shulker_box":1,"minecraft:splash_potion":2,"minecraft:light_blue_shulker_box":1},"minecraft:picked_up":{"minecraft:yellow_shulker_box":3,"minecraft:splash_potion":2,"minecraft:diamond_sword":2,"minecraft:experience_bottle":192,"minecraft:arrow":63,"minecraft:diamond_chestplate":1,"minecraft:bow":2,"minecraft:diamond_boots":1,"minecraft:diamond_axe":1,"minecraft:golden_apple":12,"minecraft:totem_of_undying":1,"minecraft:diamond_helmet":1,"minecraft:ender_pearl":9},"minecraft:used":{"minecraft:diamond_boots":1,"minecraft:ender_pearl":5,"minecraft:totem_of_undying":51,"minecraft:diamond_chestplate":1,"minecraft:diamond_sword":10,"minecraft:golden_apple":7,"minecraft:diamond_helmet":1,"minecraft:diamond_leggings":1,"minecraft:experience_bottle":61}},"DataVersion":2975}