{"stats":{"minecraft:killed_by":{"minecraft:player":3},"minecraft:custom":{"minecraft:time_since_rest":22,"minecraft:deaths":4,"minecraft:crouch_one_cm":1207,"minecraft:damage_absorbed":1912,"minecraft:play_time":15103,"minecraft:sprint_one_cm":26772,"minecraft:damage_taken":805394310,"minecraft:walk_one_cm":18713,"minecraft:sneak_time":490,"minecraft:drop":22,"minecraft:jump":435,"minecraft:leave_game":1,"minecraft:damage_dealt":36,"minecraft:time_since_death":0,"minecraft:total_world_time":15103,"minecraft:damage_dealt_absorbed":16,"minecraft:fall_one_cm":24794,"minecraft:fly_one_cm":112085,"minecraft:player_kills":2},"minecraft:dropped":{"minecraft:cobblestone":3,"minecraft:water_bucket":2,"minecraft:stone":320,"minecraft:shield":1,"minecraft:diamond_pickaxe":1,"minecraft:totem_of_undying":3,"minecraft:shears":1,"minecraft:light_blue_shulker_box":2,"minecraft:yellow_shulker_box":1,"minecraft:experience_bottle":320},"minecraft:picked_up":{"minecraft:yellow_shulker_box":1,"minecraft:stone":128,"minecraft:light_blue_shulker_box":1,"minecraft:totem_of_undying":2,"minecraft:shield":1,"minecraft:cobblestone":3},"minecraft:used":{"minecraft:golden_apple":1,"minecraft:diamond_sword":4,"minecraft:bow":11,"minecraft:ender_pearl":7,"minecraft:stone":64,"minecraft:totem_of_undying":31}},"DataVersion":2975}