{"textures":{"0":"modelengine:entity/bug"},"elements":[{"from":[1.1985731,-5.605526,-3.854145],"to":[14.912859,10.965903,9.860142],"rotation":{"angle":0.0,"axis":"y","origin":[8.121518,6.7584605,2.361916]},"faces":{"east":{"uv":[6.4375,5.0,7.9375,6.8125],"rotation":0,"texture":"#0","tintindex":0},"south":{"uv":[4.9375,6.8125,6.4375,8.625],"rotation":0,"texture":"#0","tintindex":0},"north":{"uv":[4.9375,5.0,6.4375,6.8125],"rotation":0,"texture":"#0","tintindex":0},"west":{"uv":[7.9375,5.0,6.4375,6.8125],"rotation":0,"texture":"#0","tintindex":0},"up":{"uv":[9.4375,8.8125,7.9375,7.3125],"rotation":0,"texture":"#0","tintindex":0},"down":{"uv":[7.9375,7.3125,9.4375,8.8125],"rotation":0,"texture":"#0","tintindex":0}}},{"from":[15.058688,-4.59844,3.2562551],"to":[26.487259,9.115846,3.3133984],"rotation":{"angle":0.0,"axis":"y","origin":[8.121518,6.7584605,2.361916]},"faces":{"east":{"uv":[3.875,10.875,3.9375,12.375],"rotation":0,"texture":"#0","tintindex":0},"south":{"uv":[7.75,8.625,6.5,10.125],"rotation":0,"texture":"#0","tintindex":0},"north":{"uv":[6.5,8.625,7.75,10.125],"rotation":0,"texture":"#0","tintindex":0},"west":{"uv":[4.8125,10.875,4.875,12.375],"rotation":0,"texture":"#0","tintindex":0},"up":{"uv":[11.875,8.625,10.625,8.5625],"rotation":0,"texture":"#0","tintindex":0},"down":{"uv":[11.875,8.625,10.625,8.6875],"rotation":0,"texture":"#0","tintindex":0}}},{"from":[-10.244225,-4.59844,3.2562551],"to":[1.1843472,9.115846,3.3133984],"rotation":{"angle":0.0,"axis":"y","origin":[8.121518,6.7584605,2.361916]},"faces":{"east":{"uv":[4.875,10.875,4.8125,12.375],"rotation":0,"texture":"#0","tintindex":0},"south":{"uv":[6.5,8.625,7.75,10.125],"rotation":0,"texture":"#0","tintindex":0},"north":{"uv":[7.75,8.625,6.5,10.125],"rotation":0,"texture":"#0","tintindex":0},"west":{"uv":[3.9375,10.875,3.875,12.375],"rotation":0,"texture":"#0","tintindex":0},"up":{"uv":[10.625,8.625,11.875,8.5625],"rotation":0,"texture":"#0","tintindex":0},"down":{"uv":[10.625,8.625,11.875,8.6875],"rotation":0,"texture":"#0","tintindex":0}}},{"from":[2.9955654,-7.7632046,-2.0571537],"to":[13.2812805,-5.4774895,8.228561],"rotation":{"angle":0.0,"axis":"y","origin":[8.121518,6.7584605,2.361916]},"faces":{"east":{"uv":[10.0625,4.4375,11.1875,4.6875],"rotation":0,"texture":"#0","tintindex":0},"south":{"uv":[11.0625,6.125,9.9375,6.375],"rotation":0,"texture":"#0","tintindex":0},"north":{"uv":[9.9375,6.125,11.0625,6.375],"rotation":0,"texture":"#0","tintindex":0},"west":{"uv":[11.1875,4.4375,10.0625,4.6875],"rotation":0,"texture":"#0","tintindex":0},"up":{"uv":[11.1875,2.3125,10.0625,1.1875],"rotation":0,"texture":"#0","tintindex":0},"down":{"uv":[11.1875,1.1875,10.0625,2.3125],"rotation":0,"texture":"#0","tintindex":0}}},{"from":[5.4389577,-10.946089,0.38623953],"to":[10.581815,-7.8032303,5.5290966],"rotation":{"angle":0.0,"axis":"y","origin":[8.121518,6.7584605,2.361916]},"faces":{"east":{"uv":[5.9375,10.5625,6.5,10.9375],"rotation":0,"texture":"#0","tintindex":0},"south":{"uv":[5.9375,10.5625,5.375,10.9375],"rotation":0,"texture":"#0","tintindex":0},"north":{"uv":[5.375,10.5625,5.9375,10.9375],"rotation":0,"texture":"#0","tintindex":0},"west":{"uv":[6.5,10.5625,5.9375,10.9375],"rotation":0,"texture":"#0","tintindex":0},"up":{"uv":[5.375,10.875,4.8125,10.3125],"rotation":0,"texture":"#0","tintindex":0},"down":{"uv":[5.375,10.3125,4.8125,10.875],"rotation":0,"texture":"#0","tintindex":0}}},{"from":[7.992622,-16.0,6.561544],"to":[8.049765,-8.0,11.704401],"rotation":{"angle":22.5,"axis":"x","origin":[8.121518,6.7584605,2.361916]},"faces":{"east":{"uv":[8.3125,10.25,8.875,11.125],"rotation":0,"texture":"#0","tintindex":0},"south":{"uv":[3.9375,9.4375,4.0,10.3125],"rotation":0,"texture":"#0","tintindex":0},"north":{"uv":[9.375,6.375,9.4375,7.25],"rotation":0,"texture":"#0","tintindex":0},"west":{"uv":[8.875,10.25,8.3125,11.125],"rotation":0,"texture":"#0","tintindex":0},"up":{"uv":[4.75,8.5,4.6875,7.9375],"rotation":0,"texture":"#0","tintindex":0},"down":{"uv":[4.8125,7.9375,4.75,8.5],"rotation":0,"texture":"#0","tintindex":0}}}],"display":{"head":{"translation":[0.0,-28.204336,0.0],"scale":[4.0,4.0,4.0]}}}