{"textures":{"0":"modelengine:entity/bug"},"elements":[{"from":[0.26259136,4.541787,0.9916978],"to":[15.691164,14.256073,11.5631275],"rotation":{"angle":0.0,"axis":"y","origin":[7.957143,9.398931,7.9345555]},"faces":{"east":{"uv":[10.0625,2.3125,11.25,3.375],"rotation":0,"texture":"#0","tintindex":0},"south":{"uv":[1.25,8.6875,2.9375,9.75],"rotation":0,"texture":"#0","tintindex":0},"north":{"uv":[8.375,3.875,10.0625,4.9375],"rotation":0,"texture":"#0","tintindex":0},"west":{"uv":[11.25,2.3125,10.0625,3.375],"rotation":0,"texture":"#0","tintindex":0},"up":{"uv":[10.0625,3.875,8.375,2.6875],"rotation":0,"texture":"#0","tintindex":0},"down":{"uv":[10.0625,3.875,8.375,2.6875],"rotation":0,"texture":"#0","tintindex":0}}},{"from":[12.262592,2.2560725,9.563127],"to":[26.548307,16.541788,9.62027],"rotation":{"angle":0.0,"axis":"y","origin":[7.957143,9.398931,7.9345555]},"faces":{"east":{"uv":[3.75,10.875,3.8125,12.4375],"rotation":0,"texture":"#0","tintindex":0},"south":{"uv":[1.5625,7.125,0.0,8.6875],"rotation":0,"texture":"#0","tintindex":0},"north":{"uv":[0.0,7.125,1.5625,8.6875],"rotation":0,"texture":"#0","tintindex":0},"west":{"uv":[3.8125,10.875,3.875,12.4375],"rotation":0,"texture":"#0","tintindex":0},"up":{"uv":[12.1875,8.5,10.625,8.4375],"rotation":0,"texture":"#0","tintindex":0},"down":{"uv":[12.1875,8.5,10.625,8.5625],"rotation":0,"texture":"#0","tintindex":0}}},{"from":[-10.634022,2.2560725,9.563127],"to":[3.6516933,16.541788,9.62027],"rotation":{"angle":0.0,"axis":"y","origin":[7.957143,9.398931,7.9345555]},"faces":{"east":{"uv":[3.875,10.875,3.8125,12.4375],"rotation":0,"texture":"#0","tintindex":0},"south":{"uv":[0.0,7.125,1.5625,8.6875],"rotation":0,"texture":"#0","tintindex":0},"north":{"uv":[1.5625,7.125,0.0,8.6875],"rotation":0,"texture":"#0","tintindex":0},"west":{"uv":[3.8125,10.875,3.75,12.4375],"rotation":0,"texture":"#0","tintindex":0},"up":{"uv":[10.625,8.5,12.1875,8.4375],"rotation":0,"texture":"#0","tintindex":0},"down":{"uv":[10.625,8.5,12.1875,8.5625],"rotation":0,"texture":"#0","tintindex":0}}}],"display":{"head":{"translation":[0.0,-6.4,0.0],"scale":[4.0,4.0,4.0]}}}