{"textures":{"0":"modelengine:entity/bug"},"elements":[{"from":[3.3523836,6.98192,3.070034],"to":[12.647616,20.013344,12.365267],"rotation":{"angle":0.0,"axis":"y","origin":[8.0,13.497633,7.7176504]},"faces":{"east":{"uv":[8.75,8.8125,9.75,10.25],"rotation":0,"texture":"#0","tintindex":0},"south":{"uv":[8.9375,4.9375,9.9375,6.375],"rotation":0,"texture":"#0","tintindex":0},"north":{"uv":[7.75,8.8125,8.75,10.25],"rotation":0,"texture":"#0","tintindex":0},"west":{"uv":[9.75,8.8125,8.75,10.25],"rotation":0,"texture":"#0","tintindex":0},"up":{"uv":[0.0,11.1875,1.0,10.1875],"rotation":0,"texture":"#0","tintindex":0},"down":{"uv":[0.0,11.1875,1.0,10.1875],"rotation":0,"texture":"#0","tintindex":0}}}],"display":{"head":{"translation":[0.0,-6.4,0.0],"scale":[4.0,4.0,4.0]}}}