{"textures":{"0":"modelengine:entity/voras"},"elements":[{"from":[5.8571424,3.142857,5.714286],"to":[9.857143,8.857143,9.714286],"rotation":{"angle":0.0,"axis":"y","origin":[6.428571,8.285714,5.714286]},"faces":{"east":{"uv":[7.74625,8.25375,7.31625,8.87125],"rotation":0,"texture":"#0","tintindex":0},"south":{"uv":[7.30875,8.25375,6.87875,8.87125],"rotation":0,"texture":"#0","tintindex":0},"north":{"uv":[6.87125,8.06625,6.44125,8.68375],"rotation":0,"texture":"#0","tintindex":0},"west":{"uv":[0.43375,8.12875,0.00375,8.74625],"rotation":0,"texture":"#0","tintindex":0},"up":{"uv":[6.06625,9.12125,6.49625,8.69125],"rotation":0,"texture":"#0","tintindex":0},"down":{"uv":[0.00375,8.75375,0.43375,9.18375],"rotation":0,"texture":"#0","tintindex":0}}},{"from":[5.8571424,1.4938173,6.0423],"to":[9.857143,3.2081032,6.0423],"rotation":{"angle":-22.5,"axis":"x","origin":[7.857143,2.3509603,6.0423]},"faces":{"east":{"uv":[0.00375,0.00375,0.00375,0.18375],"rotation":0,"texture":"#0","tintindex":0},"south":{"uv":[7.05875,1.50375,6.62875,1.68375],"rotation":0,"texture":"#0","tintindex":0},"north":{"uv":[7.05875,1.50375,6.62875,1.68375],"rotation":0,"texture":"#0","tintindex":0},"west":{"uv":[0.00375,0.00375,0.00375,0.18375],"rotation":0,"texture":"#0","tintindex":0},"up":{"uv":[0.00375,0.00375,0.43375,0.00375],"rotation":0,"texture":"#0","tintindex":0},"down":{"uv":[0.00375,0.00375,0.43375,0.00375],"rotation":0,"texture":"#0","tintindex":0}}},{"from":[10.059578,3.142857,4.6555166],"to":[10.059578,8.857143,5.798373],"rotation":{"angle":-45.0,"axis":"y","origin":[10.059578,6.0,5.512659]},"faces":{"east":{"uv":[6.87125,9.19125,6.75375,9.80875],"rotation":0,"texture":"#0","tintindex":0},"south":{"uv":[0.00375,0.00375,0.00375,0.62125],"rotation":0,"texture":"#0","tintindex":0},"north":{"uv":[0.00375,0.00375,0.00375,0.62125],"rotation":0,"texture":"#0","tintindex":0},"west":{"uv":[6.87125,9.19125,6.75375,9.80875],"rotation":0,"texture":"#0","tintindex":0},"up":{"uv":[0.00375,0.12125,0.00375,0.00375],"rotation":0,"texture":"#0","tintindex":0},"down":{"uv":[0.00375,0.00375,0.00375,0.12125],"rotation":0,"texture":"#0","tintindex":0}}},{"from":[8.142858,1.4285712,6.857143],"to":[8.142858,4.8571424,11.428572],"rotation":{"angle":0.0,"axis":"y","origin":[6.428571,8.285714,5.714286]},"faces":{"east":{"uv":[2.44125,8.81625,2.93375,9.18375],"rotation":0,"texture":"#0","tintindex":0},"south":{"uv":[0.00375,0.00375,0.00375,0.37125],"rotation":0,"texture":"#0","tintindex":0},"north":{"uv":[0.00375,0.00375,0.00375,0.37125],"rotation":0,"texture":"#0","tintindex":0},"west":{"uv":[2.93375,8.81625,2.44125,9.18375],"rotation":0,"texture":"#0","tintindex":0},"up":{"uv":[0.00375,0.49625,0.00375,0.00375],"rotation":0,"texture":"#0","tintindex":0},"down":{"uv":[0.00375,0.00375,0.00375,0.49625],"rotation":0,"texture":"#0","tintindex":0}}}],"display":{"head":{"translation":[0.0,-6.4,0.0],"scale":[4.0,4.0,4.0]}}}