{"textures":{"0":"modelengine:entity/voras"},"elements":[{"from":[-0.6703644,-2.1209145,8.571428],"to":[5.0439215,3.5933719,8.571428],"rotation":{"angle":0.0,"axis":"y","origin":[2.7582068,-1.5494862,8.0]},"faces":{"east":{"uv":[0.00375,0.00375,0.00375,0.62125],"rotation":0,"texture":"#0","tintindex":0},"south":{"uv":[4.31625,7.75375,4.93375,8.37125],"rotation":0,"texture":"#0","tintindex":0},"north":{"uv":[4.93375,7.75375,4.31625,8.37125],"rotation":0,"texture":"#0","tintindex":0},"west":{"uv":[0.00375,0.00375,0.00375,0.62125],"rotation":0,"texture":"#0","tintindex":0},"up":{"uv":[0.00375,0.00375,0.62125,0.00375],"rotation":0,"texture":"#0","tintindex":0},"down":{"uv":[0.00375,0.00375,0.62125,0.00375],"rotation":0,"texture":"#0","tintindex":0}}},{"from":[3.3296356,-2.1209145,8.0],"to":[5.0439215,3.5933719,9.142858],"rotation":{"angle":0.0,"axis":"y","origin":[2.7582068,-1.5494862,8.0]},"faces":{"east":{"uv":[9.43375,5.50375,9.31625,6.12125],"rotation":0,"texture":"#0","tintindex":0},"south":{"uv":[4.30875,9.06625,4.12875,9.68375],"rotation":0,"texture":"#0","tintindex":0},"north":{"uv":[3.30875,6.06625,3.12875,6.68375],"rotation":0,"texture":"#0","tintindex":0},"west":{"uv":[9.24625,9.25375,9.12875,9.87125],"rotation":0,"texture":"#0","tintindex":0},"up":{"uv":[8.87875,7.93375,9.05875,7.81625],"rotation":0,"texture":"#0","tintindex":0},"down":{"uv":[9.00375,1.31625,9.18375,1.43375],"rotation":0,"texture":"#0","tintindex":0}}},{"from":[-0.6703644,-2.1209145,8.0],"to":[3.3296356,-0.9780569,9.142858],"rotation":{"angle":0.0,"axis":"y","origin":[2.7582068,-1.5494862,8.0]},"faces":{"east":{"uv":[9.55875,5.87875,9.44125,5.99625],"rotation":0,"texture":"#0","tintindex":0},"south":{"uv":[9.62125,2.56625,9.19125,2.68375],"rotation":0,"texture":"#0","tintindex":0},"north":{"uv":[8.99625,7.00375,8.56625,7.12125],"rotation":0,"texture":"#0","tintindex":0},"west":{"uv":[9.55875,5.75375,9.44125,5.87125],"rotation":0,"texture":"#0","tintindex":0},"up":{"uv":[9.31625,3.37125,9.74625,3.25375],"rotation":0,"texture":"#0","tintindex":0},"down":{"uv":[9.37875,4.75375,9.80875,4.87125],"rotation":0,"texture":"#0","tintindex":0}}},{"from":[2.0592752,1.9642811,7.428571],"to":[4.9164186,7.107138,9.714286],"rotation":{"angle":22.5,"axis":"z","origin":[3.4878469,4.5357094,9.142858]},"faces":{"east":{"uv":[9.18375,3.69125,8.94125,4.24625],"rotation":0,"texture":"#0","tintindex":0},"south":{"uv":[5.80875,8.87875,5.50375,9.43375],"rotation":0,"texture":"#0","tintindex":0},"north":{"uv":[5.49625,8.87875,5.19125,9.43375],"rotation":0,"texture":"#0","tintindex":0},"west":{"uv":[9.18375,1.44125,8.94125,1.99625],"rotation":0,"texture":"#0","tintindex":0},"up":{"uv":[9.31625,3.24625,9.62125,3.00375],"rotation":0,"texture":"#0","tintindex":0},"down":{"uv":[6.87875,9.31625,7.18375,9.55875],"rotation":0,"texture":"#0","tintindex":0}}},{"from":[3.7735615,1.9642811,6.857143],"to":[3.7735615,7.107138,7.428571],"rotation":{"angle":22.5,"axis":"z","origin":[3.4878469,4.5357094,9.142858]},"faces":{"east":{"uv":[0.43375,9.19125,0.37875,9.74625],"rotation":0,"texture":"#0","tintindex":0},"south":{"uv":[0.00375,0.00375,0.00375,0.55875],"rotation":0,"texture":"#0","tintindex":0},"north":{"uv":[0.00375,0.00375,0.00375,0.55875],"rotation":0,"texture":"#0","tintindex":0},"west":{"uv":[0.74625,7.50375,0.69125,8.05875],"rotation":0,"texture":"#0","tintindex":0},"up":{"uv":[0.00375,0.05875,0.00375,0.00375],"rotation":0,"texture":"#0","tintindex":0},"down":{"uv":[0.00375,0.00375,0.00375,0.05875],"rotation":0,"texture":"#0","tintindex":0}}},{"from":[3.7735615,1.9642811,9.714286],"to":[3.7735615,7.107138,10.285714],"rotation":{"angle":22.5,"axis":"z","origin":[3.4878469,4.5357094,9.142858]},"faces":{"east":{"uv":[8.87125,9.37875,8.81625,9.93375],"rotation":0,"texture":"#0","tintindex":0},"south":{"uv":[0.00375,0.00375,0.00375,0.55875],"rotation":0,"texture":"#0","tintindex":0},"north":{"uv":[0.00375,0.00375,0.00375,0.55875],"rotation":0,"texture":"#0","tintindex":0},"west":{"uv":[2.93375,9.19125,2.87875,9.74625],"rotation":0,"texture":"#0","tintindex":0},"up":{"uv":[0.00375,0.05875,0.00375,0.00375],"rotation":0,"texture":"#0","tintindex":0},"down":{"uv":[0.00375,0.00375,0.00375,0.05875],"rotation":0,"texture":"#0","tintindex":0}}},{"from":[4.3918624,-1.3423109,7.428571],"to":[4.3918624,0.94340324,9.714286],"rotation":{"angle":45.0,"axis":"z","origin":[2.9632912,3.514832,9.142858]},"faces":{"east":{"uv":[8.68375,9.37875,8.44125,9.62125],"rotation":0,"texture":"#0","tintindex":0},"south":{"uv":[0.00375,0.00375,0.00375,0.24625],"rotation":0,"texture":"#0","tintindex":0},"north":{"uv":[0.00375,0.00375,0.00375,0.24625],"rotation":0,"texture":"#0","tintindex":0},"west":{"uv":[8.68375,9.37875,8.44125,9.62125],"rotation":0,"texture":"#0","tintindex":0},"up":{"uv":[0.00375,0.24625,0.00375,0.00375],"rotation":0,"texture":"#0","tintindex":0},"down":{"uv":[0.00375,0.00375,0.00375,0.24625],"rotation":0,"texture":"#0","tintindex":0}}},{"from":[4.0,6.5714283,8.0],"to":[8.571428,8.857143,9.142858],"rotation":{"angle":22.5,"axis":"z","origin":[7.428571,7.714286,8.0]},"faces":{"east":{"uv":[7.37125,4.62875,7.25375,4.87125],"rotation":0,"texture":"#0","tintindex":0},"south":{"uv":[9.43375,4.25375,8.94125,4.49625],"rotation":0,"texture":"#0","tintindex":0},"north":{"uv":[9.43375,2.00375,8.94125,2.24625],"rotation":0,"texture":"#0","tintindex":0},"west":{"uv":[6.37125,6.75375,6.25375,6.99625],"rotation":0,"texture":"#0","tintindex":0},"up":{"uv":[7.06625,1.68375,7.55875,1.56625],"rotation":0,"texture":"#0","tintindex":0},"down":{"uv":[7.56625,1.56625,8.05875,1.68375],"rotation":0,"texture":"#0","tintindex":0}}},{"from":[4.0,7.714286,9.142858],"to":[8.571428,7.714286,10.285714],"rotation":{"angle":22.5,"axis":"z","origin":[7.428571,7.714286,8.0]},"faces":{"east":{"uv":[0.12125,0.00375,0.00375,0.00375],"rotation":0,"texture":"#0","tintindex":0},"south":{"uv":[0.49625,0.00375,0.00375,0.00375],"rotation":0,"texture":"#0","tintindex":0},"north":{"uv":[0.49625,0.00375,0.00375,0.00375],"rotation":0,"texture":"#0","tintindex":0},"west":{"uv":[0.12125,0.00375,0.00375,0.00375],"rotation":0,"texture":"#0","tintindex":0},"up":{"uv":[8.12875,1.55875,8.62125,1.44125],"rotation":0,"texture":"#0","tintindex":0},"down":{"uv":[8.37875,7.81625,8.87125,7.93375],"rotation":0,"texture":"#0","tintindex":0}}}],"display":{"head":{"translation":[0.0,-6.4,0.0],"scale":[4.0,4.0,4.0]}}}