{"textures":{"0":"modelengine:entity/voras"},"elements":[{"from":[-0.57142925,6.285714,6.857143],"to":[9.142858,9.142858,9.142858],"rotation":{"angle":0.0,"axis":"y","origin":[15.428572,3.4285712,-1.7142859]},"faces":{"east":{"uv":[9.25375,4.87875,9.49625,5.18375],"rotation":0,"texture":"#0","tintindex":0},"south":{"uv":[8.00375,0.00375,9.05875,0.30875],"rotation":0,"texture":"#0","tintindex":0},"north":{"uv":[7.12875,7.94125,8.18375,8.24625],"rotation":0,"texture":"#0","tintindex":0},"west":{"uv":[8.87875,9.25375,9.12125,9.55875],"rotation":0,"texture":"#0","tintindex":0},"up":{"uv":[8.80875,8.49625,7.75375,8.25375],"rotation":0,"texture":"#0","tintindex":0},"down":{"uv":[1.49625,8.31625,0.44125,8.55875],"rotation":0,"texture":"#0","tintindex":0}}},{"from":[5.714286,4.5714283,8.0],"to":[12.571428,10.857143,8.0],"rotation":{"angle":22.5,"axis":"z","origin":[9.142858,7.714286,8.0]},"faces":{"east":{"uv":[0.00375,0.00375,0.00375,0.68375],"rotation":0,"texture":"#0","tintindex":0},"south":{"uv":[5.06625,7.06625,5.80875,7.74625],"rotation":0,"texture":"#0","tintindex":0},"north":{"uv":[5.80875,7.06625,5.06625,7.74625],"rotation":0,"texture":"#0","tintindex":0},"west":{"uv":[0.00375,0.00375,0.00375,0.68375],"rotation":0,"texture":"#0","tintindex":0},"up":{"uv":[0.74625,0.00375,0.00375,0.00375],"rotation":0,"texture":"#0","tintindex":0},"down":{"uv":[0.74625,0.00375,0.00375,0.00375],"rotation":0,"texture":"#0","tintindex":0}}},{"from":[-6.8858595,3.947495,4.5714283],"to":[-0.60014534,3.947495,10.857143],"rotation":{"angle":-45.0,"axis":"z","origin":[9.114141,-1.7667904,-4.000001]},"faces":{"east":{"uv":[0.00375,0.00375,0.68375,0.00375],"rotation":0,"texture":"#0","tintindex":0},"south":{"uv":[0.00375,0.00375,0.68375,0.00375],"rotation":0,"texture":"#0","tintindex":0},"north":{"uv":[0.00375,0.00375,0.68375,0.00375],"rotation":0,"texture":"#0","tintindex":0},"west":{"uv":[0.00375,0.00375,0.68375,0.00375],"rotation":0,"texture":"#0","tintindex":0},"up":{"uv":[0.75375,7.99625,1.43375,7.31625],"rotation":0,"texture":"#0","tintindex":0},"down":{"uv":[1.43375,7.31625,0.75375,7.99625],"rotation":0,"texture":"#0","tintindex":0}}},{"from":[-5.1428576,6.285714,6.285714],"to":[-0.57142925,10.857143,9.714286],"rotation":{"angle":0.0,"axis":"y","origin":[15.428572,3.4285712,-1.7142859]},"faces":{"east":{"uv":[6.50375,8.69125,6.87125,9.18375],"rotation":0,"texture":"#0","tintindex":0},"south":{"uv":[5.31625,8.37875,5.80875,8.87125],"rotation":0,"texture":"#0","tintindex":0},"north":{"uv":[4.81625,8.37875,5.30875,8.87125],"rotation":0,"texture":"#0","tintindex":0},"west":{"uv":[4.31625,8.87875,4.68375,9.37125],"rotation":0,"texture":"#0","tintindex":0},"up":{"uv":[9.37125,4.87125,8.87875,4.50375],"rotation":0,"texture":"#0","tintindex":0},"down":{"uv":[5.18375,8.87875,4.69125,9.24625],"rotation":0,"texture":"#0","tintindex":0}}},{"from":[-0.57142925,9.142858,6.857143],"to":[1.7142854,10.285714,9.142858],"rotation":{"angle":0.0,"axis":"y","origin":[15.428572,3.4285712,-1.7142859]},"faces":{"east":{"uv":[9.44125,2.87875,9.68375,2.99625],"rotation":0,"texture":"#0","tintindex":0},"south":{"uv":[3.81625,9.44125,4.05875,9.55875],"rotation":0,"texture":"#0","tintindex":0},"north":{"uv":[8.62875,4.50375,8.87125,4.62125],"rotation":0,"texture":"#0","tintindex":0},"west":{"uv":[9.44125,4.00375,9.68375,4.12125],"rotation":0,"texture":"#0","tintindex":0},"up":{"uv":[7.93375,9.62125,7.69125,9.37875],"rotation":0,"texture":"#0","tintindex":0},"down":{"uv":[9.62125,7.81625,9.37875,8.05875],"rotation":0,"texture":"#0","tintindex":0}}}],"display":{"head":{"translation":[0.0,-6.4,0.0],"scale":[4.0,4.0,4.0]}}}