{"textures":{"0":"modelengine:entity/ethrods_egg"},"elements":[{"from":[4.0,17.428572,4.0],"to":[12.0,19.142857,12.0],"rotation":{"angle":0.0,"axis":"y","origin":[8.0,18.285715,8.0]},"faces":{"east":{"uv":[5.75,5.25,7.5,5.625],"rotation":0,"texture":"#0","tintindex":0},"south":{"uv":[7.5,5.25,5.75,5.625],"rotation":0,"texture":"#0","tintindex":0},"north":{"uv":[5.75,5.25,7.5,5.625],"rotation":0,"texture":"#0","tintindex":0},"west":{"uv":[7.5,5.25,5.75,5.625],"rotation":0,"texture":"#0","tintindex":0},"up":{"uv":[5.75,5.75,4.0,4.0],"rotation":0,"texture":"#0","tintindex":0},"down":{"uv":[5.75,4.0,4.0,5.75],"rotation":0,"texture":"#0","tintindex":0}}},{"from":[3.4285712,7.714286,3.4285712],"to":[12.571428,17.428572,12.571428],"rotation":{"angle":0.0,"axis":"y","origin":[8.0,15.428572,8.0]},"faces":{"east":{"uv":[0.0,0.0,2.0,2.125],"rotation":0,"texture":"#0","tintindex":0},"south":{"uv":[2.0,0.0,0.0,2.125],"rotation":0,"texture":"#0","tintindex":0},"north":{"uv":[0.0,0.0,2.0,2.125],"rotation":0,"texture":"#0","tintindex":0},"west":{"uv":[2.0,0.0,0.0,2.125],"rotation":0,"texture":"#0","tintindex":0},"up":{"uv":[6.0,2.0,4.0,0.0],"rotation":0,"texture":"#0","tintindex":0},"down":{"uv":[6.0,2.0,4.0,4.0],"rotation":0,"texture":"#0","tintindex":0}}}],"display":{"head":{"translation":[0.0,-6.4,0.0],"scale":[4.0,4.0,4.0]}}}