{"textures":{"0":"modelengine:entity/ethrods_egg"},"elements":[{"from":[5.027666,6.281199,5.038142],"to":[9.027666,8.566914,7.3238564],"rotation":{"angle":-22.5,"axis":"y","origin":[3.8974218,7.615267,7.1735992]},"faces":{"east":{"uv":[3.5,4.75,4.0,5.25],"rotation":0,"texture":"#0","tintindex":0},"south":{"uv":[6.5,6.75,7.375,7.25],"rotation":0,"texture":"#0","tintindex":0},"north":{"uv":[7.375,6.75,6.5,7.25],"rotation":0,"texture":"#0","tintindex":0},"west":{"uv":[3.5,4.75,4.0,5.25],"rotation":0,"texture":"#0","tintindex":0},"up":{"uv":[2.125,6.875,3.0,7.375],"rotation":0,"texture":"#0","tintindex":0},"down":{"uv":[2.125,7.375,3.0,6.875],"rotation":0,"texture":"#0","tintindex":0}}},{"from":[1.2250967,7.2211885,5.892749],"to":[5.796526,8.935474,7.8927493],"rotation":{"angle":-22.5,"axis":"z","origin":[3.8974218,7.615267,7.1735992]},"faces":{"east":{"uv":[3.0,6.875,3.5,7.25],"rotation":0,"texture":"#0","tintindex":0},"south":{"uv":[5.25,7.125,6.25,7.5],"rotation":0,"texture":"#0","tintindex":0},"north":{"uv":[6.25,7.125,5.25,7.5],"rotation":0,"texture":"#0","tintindex":0},"west":{"uv":[3.0,6.875,3.5,7.25],"rotation":0,"texture":"#0","tintindex":0},"up":{"uv":[6.0,1.125,7.0,1.625],"rotation":0,"texture":"#0","tintindex":0},"down":{"uv":[6.0,1.625,7.0,1.125],"rotation":0,"texture":"#0","tintindex":0}}},{"from":[-1.6803741,8.664522,6.0356064],"to":[4.033911,10.378808,7.749892],"rotation":{"angle":45.0,"axis":"z","origin":[3.8974218,7.615267,7.1735992]},"faces":{"east":{"uv":[6.75,7.25,7.125,7.625],"rotation":0,"texture":"#0","tintindex":0},"south":{"uv":[6.0,2.625,7.25,3.0],"rotation":0,"texture":"#0","tintindex":0},"north":{"uv":[7.25,2.625,6.0,3.0],"rotation":0,"texture":"#0","tintindex":0},"west":{"uv":[6.75,7.25,7.125,7.625],"rotation":0,"texture":"#0","tintindex":0},"up":{"uv":[6.0,3.375,7.25,3.75],"rotation":0,"texture":"#0","tintindex":0},"down":{"uv":[6.0,3.75,7.25,3.375],"rotation":0,"texture":"#0","tintindex":0}}}],"display":{"head":{"translation":[0.0,-6.4,0.0],"scale":[4.0,4.0,4.0]}}}